{"cameraMode":{"drawMode":0,"name":"Shaded","section":"Shading Mode"},"sceneLighting":true,"audioPlay":false,"sceneViewState":{"m_AlwaysRefresh":false,"showFog":true,"showSkybox":true,"showFlares":true,"showImageEffects":true,"showParticleSystems":true,"showVisualEffectGraphs":true,"m_FxEnabled":true},"in2DMode":false,"pivot":{"x":-0.9705603122711182,"y":2.7086262702941896,"z":1.8764266967773438},"rotation":{"x":0.05481366068124771,"y":0.9403313994407654,"z":-0.28195205330848696,"w":0.18282672762870789},"size":1.9657073020935059,"orthographic":false}