{"cameraMode":{"drawMode":0,"name":"Shaded","section":"Shading Mode"},"sceneLighting":false,"audioPlay":false,"sceneViewState":{"m_AlwaysRefresh":false,"showFog":true,"showSkybox":false,"showFlares":true,"showImageEffects":true,"showParticleSystems":true,"showVisualEffectGraphs":true,"m_FxEnabled":true},"in2DMode":false,"pivot":{"x":-0.030906200408935548,"y":-0.1884925365447998,"z":0.12624168395996095},"rotation":{"x":0.012614619918167591,"y":0.9870665073394775,"z":-0.0983506441116333,"w":0.12656766176223756},"size":5.293820381164551,"orthographic":false}