{"cameraMode":{"drawMode":0,"name":"Shaded","section":"Shading Mode"},"sceneLighting":false,"audioPlay":false,"sceneViewState":{"m_AlwaysRefresh":false,"showFog":true,"showSkybox":false,"showFlares":true,"showImageEffects":true,"showParticleSystems":true,"showVisualEffectGraphs":true,"m_FxEnabled":true},"in2DMode":false,"pivot":{"x":0.018635988235473634,"y":-0.07023882865905762,"z":0.16960620880126954},"rotation":{"x":0.04484960809350014,"y":0.9510135054588318,"z":-0.2573869228363037,"w":0.16572745144367219},"size":6.564124584197998,"orthographic":false}